province,zone,area,parish
Lagos Province 9,Bethel Zone,Bethel Faith Area,"RCCG Grace Assembly, Bethel Faith"
Lagos Province 9,Bethel Zone,Bethel Faith Area,"RCCG Mercy Seat, Bethel Faith"
Lagos Province 9,Bethel Zone,Bethel Hope Area,"RCCG Victory House, Bethel Hope"
Lagos Province 9,Bethel Zone,Bethel Hope Area,"RCCG Glory Tabernacle, Bethel Hope"
Lagos Province 9,Bethel Zone,Bethel Love Area,"RCCG Living Spring, Bethel Love"
Lagos Province 9,Bethel Zone,Bethel Love Area,"RCCG Royal Diadem, Bethel Love"
Lagos Province 9,Shiloh Zone,Shiloh Faith Area,"RCCG Covenant Chapel, Shiloh Faith"
Lagos Province 9,Shiloh Zone,Shiloh Faith Area,"RCCG Jubilee Centre, Shiloh Faith"
Lagos Province 9,Shiloh Zone,Shiloh Hope Area,"RCCG Fountain of Life, Shiloh Hope"
Lagos Province 9,Shiloh Zone,Shiloh Hope Area,"RCCG Throne of Grace, Shiloh Hope"
Lagos Province 9,Shiloh Zone,Shiloh Love Area,"RCCG New Dawn, Shiloh Love"
Lagos Province 9,Shiloh Zone,Shiloh Love Area,"RCCG Overcomers, Shiloh Love"
Lagos Province 9,Hebron Zone,Hebron Faith Area,"RCCG Grace Assembly, Hebron Faith"
Lagos Province 9,Hebron Zone,Hebron Faith Area,"RCCG Mercy Seat, Hebron Faith"
Lagos Province 9,Hebron Zone,Hebron Hope Area,"RCCG Victory House, Hebron Hope"
Lagos Province 9,Hebron Zone,Hebron Hope Area,"RCCG Glory Tabernacle, Hebron Hope"
Lagos Province 9,Hebron Zone,Hebron Love Area,"RCCG Living Spring, Hebron Love"
Lagos Province 9,Hebron Zone,Hebron Love Area,"RCCG Royal Diadem, Hebron Love"
Lagos Province 9,Zion Zone,Zion Faith Area,"RCCG Covenant Chapel, Zion Faith"
Lagos Province 9,Zion Zone,Zion Faith Area,"RCCG Jubilee Centre, Zion Faith"
Lagos Province 9,Zion Zone,Zion Hope Area,"RCCG Fountain of Life, Zion Hope"
Lagos Province 9,Zion Zone,Zion Hope Area,"RCCG Throne of Grace, Zion Hope"
Lagos Province 9,Zion Zone,Zion Love Area,"RCCG New Dawn, Zion Love"
Lagos Province 9,Zion Zone,Zion Love Area,"RCCG Overcomers, Zion Love"
Lagos Province 9,Bethany Zone,Bethany Faith Area,"RCCG Grace Assembly, Bethany Faith"
Lagos Province 9,Bethany Zone,Bethany Faith Area,"RCCG Mercy Seat, Bethany Faith"
Lagos Province 9,Bethany Zone,Bethany Hope Area,"RCCG Victory House, Bethany Hope"
Lagos Province 9,Bethany Zone,Bethany Hope Area,"RCCG Glory Tabernacle, Bethany Hope"
Lagos Province 9,Bethany Zone,Bethany Love Area,"RCCG Living Spring, Bethany Love"
Lagos Province 9,Bethany Zone,Bethany Love Area,"RCCG Royal Diadem, Bethany Love"
Lagos Province 9,Galilee Zone,Galilee Faith Area,"RCCG Covenant Chapel, Galilee Faith"
Lagos Province 9,Galilee Zone,Galilee Faith Area,"RCCG Jubilee Centre, Galilee Faith"
Lagos Province 9,Galilee Zone,Galilee Hope Area,"RCCG Fountain of Life, Galilee Hope"
Lagos Province 9,Galilee Zone,Galilee Hope Area,"RCCG Throne of Grace, Galilee Hope"
Lagos Province 9,Galilee Zone,Galilee Love Area,"RCCG New Dawn, Galilee Love"
Lagos Province 9,Galilee Zone,Galilee Love Area,"RCCG Overcomers, Galilee Love"
Lagos Province 9,Jordan Zone,Jordan Faith Area,"RCCG Grace Assembly, Jordan Faith"
Lagos Province 9,Jordan Zone,Jordan Faith Area,"RCCG Mercy Seat, Jordan Faith"
Lagos Province 9,Jordan Zone,Jordan Hope Area,"RCCG Victory House, Jordan Hope"
Lagos Province 9,Jordan Zone,Jordan Hope Area,"RCCG Glory Tabernacle, Jordan Hope"
Lagos Province 9,Jordan Zone,Jordan Love Area,"RCCG Living Spring, Jordan Love"
Lagos Province 9,Jordan Zone,Jordan Love Area,"RCCG Royal Diadem, Jordan Love"
Lagos Province 9,Carmel Zone,Carmel Faith Area,"RCCG Covenant Chapel, Carmel Faith"
Lagos Province 9,Carmel Zone,Carmel Faith Area,"RCCG Jubilee Centre, Carmel Faith"
Lagos Province 9,Carmel Zone,Carmel Hope Area,"RCCG Fountain of Life, Carmel Hope"
Lagos Province 9,Carmel Zone,Carmel Hope Area,"RCCG Throne of Grace, Carmel Hope"
Lagos Province 9,Carmel Zone,Carmel Love Area,"RCCG New Dawn, Carmel Love"
Lagos Province 9,Carmel Zone,Carmel Love Area,"RCCG Overcomers, Carmel Love"
Lagos Province 9,Sharon Zone,Sharon Faith Area,"RCCG Grace Assembly, Sharon Faith"
Lagos Province 9,Sharon Zone,Sharon Faith Area,"RCCG Mercy Seat, Sharon Faith"
Lagos Province 9,Sharon Zone,Sharon Hope Area,"RCCG Victory House, Sharon Hope"
Lagos Province 9,Sharon Zone,Sharon Hope Area,"RCCG Glory Tabernacle, Sharon Hope"
Lagos Province 9,Sharon Zone,Sharon Love Area,"RCCG Living Spring, Sharon Love"
Lagos Province 9,Sharon Zone,Sharon Love Area,"RCCG Royal Diadem, Sharon Love"
Lagos Province 9,Gilgal Zone,Gilgal Faith Area,"RCCG Covenant Chapel, Gilgal Faith"
Lagos Province 9,Gilgal Zone,Gilgal Faith Area,"RCCG Jubilee Centre, Gilgal Faith"
Lagos Province 9,Gilgal Zone,Gilgal Hope Area,"RCCG Fountain of Life, Gilgal Hope"
Lagos Province 9,Gilgal Zone,Gilgal Hope Area,"RCCG Throne of Grace, Gilgal Hope"
Lagos Province 9,Gilgal Zone,Gilgal Love Area,"RCCG New Dawn, Gilgal Love"
Lagos Province 9,Gilgal Zone,Gilgal Love Area,"RCCG Overcomers, Gilgal Love"
Lagos Province 9,Mizpah Zone,Mizpah Faith Area,"RCCG Grace Assembly, Mizpah Faith"
Lagos Province 9,Mizpah Zone,Mizpah Faith Area,"RCCG Mercy Seat, Mizpah Faith"
Lagos Province 9,Mizpah Zone,Mizpah Hope Area,"RCCG Victory House, Mizpah Hope"
Lagos Province 9,Mizpah Zone,Mizpah Hope Area,"RCCG Glory Tabernacle, Mizpah Hope"
Lagos Province 9,Mizpah Zone,Mizpah Love Area,"RCCG Living Spring, Mizpah Love"
Lagos Province 9,Mizpah Zone,Mizpah Love Area,"RCCG Royal Diadem, Mizpah Love"
Lagos Province 9,Beersheba Zone,Beersheba Faith Area,"RCCG Covenant Chapel, Beersheba Faith"
Lagos Province 9,Beersheba Zone,Beersheba Faith Area,"RCCG Jubilee Centre, Beersheba Faith"
Lagos Province 9,Beersheba Zone,Beersheba Hope Area,"RCCG Fountain of Life, Beersheba Hope"
Lagos Province 9,Beersheba Zone,Beersheba Hope Area,"RCCG Throne of Grace, Beersheba Hope"
Lagos Province 9,Beersheba Zone,Beersheba Love Area,"RCCG New Dawn, Beersheba Love"
Lagos Province 9,Beersheba Zone,Beersheba Love Area,"RCCG Overcomers, Beersheba Love"
Lagos Province 28,Bethlehem Zone,Bethlehem Faith Area,"RCCG Grace Assembly, Bethlehem Faith"
Lagos Province 28,Bethlehem Zone,Bethlehem Faith Area,"RCCG Mercy Seat, Bethlehem Faith"
Lagos Province 28,Bethlehem Zone,Bethlehem Hope Area,"RCCG Victory House, Bethlehem Hope"
Lagos Province 28,Bethlehem Zone,Bethlehem Hope Area,"RCCG Glory Tabernacle, Bethlehem Hope"
Lagos Province 28,Bethlehem Zone,Bethlehem Love Area,"RCCG Living Spring, Bethlehem Love"
Lagos Province 28,Bethlehem Zone,Bethlehem Love Area,"RCCG Royal Diadem, Bethlehem Love"
Lagos Province 28,Nazareth Zone,Nazareth Faith Area,"RCCG Covenant Chapel, Nazareth Faith"
Lagos Province 28,Nazareth Zone,Nazareth Faith Area,"RCCG Jubilee Centre, Nazareth Faith"
Lagos Province 28,Nazareth Zone,Nazareth Hope Area,"RCCG Fountain of Life, Nazareth Hope"
Lagos Province 28,Nazareth Zone,Nazareth Hope Area,"RCCG Throne of Grace, Nazareth Hope"
Lagos Province 28,Nazareth Zone,Nazareth Love Area,"RCCG New Dawn, Nazareth Love"
Lagos Province 28,Nazareth Zone,Nazareth Love Area,"RCCG Overcomers, Nazareth Love"
Lagos Province 28,Capernaum Zone,Capernaum Faith Area,"RCCG Grace Assembly, Capernaum Faith"
Lagos Province 28,Capernaum Zone,Capernaum Faith Area,"RCCG Mercy Seat, Capernaum Faith"
Lagos Province 28,Capernaum Zone,Capernaum Hope Area,"RCCG Victory House, Capernaum Hope"
Lagos Province 28,Capernaum Zone,Capernaum Hope Area,"RCCG Glory Tabernacle, Capernaum Hope"
Lagos Province 28,Capernaum Zone,Capernaum Love Area,"RCCG Living Spring, Capernaum Love"
Lagos Province 28,Capernaum Zone,Capernaum Love Area,"RCCG Royal Diadem, Capernaum Love"
Lagos Province 28,Jericho Zone,Jericho Faith Area,"RCCG Covenant Chapel, Jericho Faith"
Lagos Province 28,Jericho Zone,Jericho Faith Area,"RCCG Jubilee Centre, Jericho Faith"
Lagos Province 28,Jericho Zone,Jericho Hope Area,"RCCG Fountain of Life, Jericho Hope"
Lagos Province 28,Jericho Zone,Jericho Hope Area,"RCCG Throne of Grace, Jericho Hope"
Lagos Province 28,Jericho Zone,Jericho Love Area,"RCCG New Dawn, Jericho Love"
Lagos Province 28,Jericho Zone,Jericho Love Area,"RCCG Overcomers, Jericho Love"
Lagos Province 28,Canaan Zone,Canaan Faith Area,"RCCG Grace Assembly, Canaan Faith"
Lagos Province 28,Canaan Zone,Canaan Faith Area,"RCCG Mercy Seat, Canaan Faith"
Lagos Province 28,Canaan Zone,Canaan Hope Area,"RCCG Victory House, Canaan Hope"
Lagos Province 28,Canaan Zone,Canaan Hope Area,"RCCG Glory Tabernacle, Canaan Hope"
Lagos Province 28,Canaan Zone,Canaan Love Area,"RCCG Living Spring, Canaan Love"
Lagos Province 28,Canaan Zone,Canaan Love Area,"RCCG Royal Diadem, Canaan Love"
Lagos Province 28,Goshen Zone,Goshen Faith Area,"RCCG Covenant Chapel, Goshen Faith"
Lagos Province 28,Goshen Zone,Goshen Faith Area,"RCCG Jubilee Centre, Goshen Faith"
Lagos Province 28,Goshen Zone,Goshen Hope Area,"RCCG Fountain of Life, Goshen Hope"
Lagos Province 28,Goshen Zone,Goshen Hope Area,"RCCG Throne of Grace, Goshen Hope"
Lagos Province 28,Goshen Zone,Goshen Love Area,"RCCG New Dawn, Goshen Love"
Lagos Province 28,Goshen Zone,Goshen Love Area,"RCCG Overcomers, Goshen Love"
Lagos Province 28,Eden Zone,Eden Faith Area,"RCCG Grace Assembly, Eden Faith"
Lagos Province 28,Eden Zone,Eden Faith Area,"RCCG Mercy Seat, Eden Faith"
Lagos Province 28,Eden Zone,Eden Hope Area,"RCCG Victory House, Eden Hope"
Lagos Province 28,Eden Zone,Eden Hope Area,"RCCG Glory Tabernacle, Eden Hope"
Lagos Province 28,Eden Zone,Eden Love Area,"RCCG Living Spring, Eden Love"
Lagos Province 28,Eden Zone,Eden Love Area,"RCCG Royal Diadem, Eden Love"
Lagos Province 28,Sinai Zone,Sinai Faith Area,"RCCG Covenant Chapel, Sinai Faith"
Lagos Province 28,Sinai Zone,Sinai Faith Area,"RCCG Jubilee Centre, Sinai Faith"
Lagos Province 28,Sinai Zone,Sinai Hope Area,"RCCG Fountain of Life, Sinai Hope"
Lagos Province 28,Sinai Zone,Sinai Hope Area,"RCCG Throne of Grace, Sinai Hope"
Lagos Province 28,Sinai Zone,Sinai Love Area,"RCCG New Dawn, Sinai Love"
Lagos Province 28,Sinai Zone,Sinai Love Area,"RCCG Overcomers, Sinai Love"
Lagos Province 28,Horeb Zone,Horeb Faith Area,"RCCG Grace Assembly, Horeb Faith"
Lagos Province 28,Horeb Zone,Horeb Faith Area,"RCCG Mercy Seat, Horeb Faith"
Lagos Province 28,Horeb Zone,Horeb Hope Area,"RCCG Victory House, Horeb Hope"
Lagos Province 28,Horeb Zone,Horeb Hope Area,"RCCG Glory Tabernacle, Horeb Hope"
Lagos Province 28,Horeb Zone,Horeb Love Area,"RCCG Living Spring, Horeb Love"
Lagos Province 28,Horeb Zone,Horeb Love Area,"RCCG Royal Diadem, Horeb Love"
Lagos Province 28,Tabor Zone,Tabor Faith Area,"RCCG Covenant Chapel, Tabor Faith"
Lagos Province 28,Tabor Zone,Tabor Faith Area,"RCCG Jubilee Centre, Tabor Faith"
Lagos Province 28,Tabor Zone,Tabor Hope Area,"RCCG Fountain of Life, Tabor Hope"
Lagos Province 28,Tabor Zone,Tabor Hope Area,"RCCG Throne of Grace, Tabor Hope"
Lagos Province 28,Tabor Zone,Tabor Love Area,"RCCG New Dawn, Tabor Love"
Lagos Province 28,Tabor Zone,Tabor Love Area,"RCCG Overcomers, Tabor Love"
Lagos Province 69,Hermon Zone,Hermon Faith Area,"RCCG Grace Assembly, Hermon Faith"
Lagos Province 69,Hermon Zone,Hermon Faith Area,"RCCG Mercy Seat, Hermon Faith"
Lagos Province 69,Hermon Zone,Hermon Hope Area,"RCCG Victory House, Hermon Hope"
Lagos Province 69,Hermon Zone,Hermon Hope Area,"RCCG Glory Tabernacle, Hermon Hope"
Lagos Province 69,Hermon Zone,Hermon Love Area,"RCCG Living Spring, Hermon Love"
Lagos Province 69,Hermon Zone,Hermon Love Area,"RCCG Royal Diadem, Hermon Love"
Lagos Province 69,Olivet Zone,Olivet Faith Area,"RCCG Covenant Chapel, Olivet Faith"
Lagos Province 69,Olivet Zone,Olivet Faith Area,"RCCG Jubilee Centre, Olivet Faith"
Lagos Province 69,Olivet Zone,Olivet Hope Area,"RCCG Fountain of Life, Olivet Hope"
Lagos Province 69,Olivet Zone,Olivet Hope Area,"RCCG Throne of Grace, Olivet Hope"
Lagos Province 69,Olivet Zone,Olivet Love Area,"RCCG New Dawn, Olivet Love"
Lagos Province 69,Olivet Zone,Olivet Love Area,"RCCG Overcomers, Olivet Love"
Lagos Province 69,Salem Zone,Salem Faith Area,"RCCG Grace Assembly, Salem Faith"
Lagos Province 69,Salem Zone,Salem Faith Area,"RCCG Mercy Seat, Salem Faith"
Lagos Province 69,Salem Zone,Salem Hope Area,"RCCG Victory House, Salem Hope"
Lagos Province 69,Salem Zone,Salem Hope Area,"RCCG Glory Tabernacle, Salem Hope"
Lagos Province 69,Salem Zone,Salem Love Area,"RCCG Living Spring, Salem Love"
Lagos Province 69,Salem Zone,Salem Love Area,"RCCG Royal Diadem, Salem Love"
Lagos Province 69,Shechem Zone,Shechem Faith Area,"RCCG Covenant Chapel, Shechem Faith"
Lagos Province 69,Shechem Zone,Shechem Faith Area,"RCCG Jubilee Centre, Shechem Faith"
Lagos Province 69,Shechem Zone,Shechem Hope Area,"RCCG Fountain of Life, Shechem Hope"
Lagos Province 69,Shechem Zone,Shechem Hope Area,"RCCG Throne of Grace, Shechem Hope"
Lagos Province 69,Shechem Zone,Shechem Love Area,"RCCG New Dawn, Shechem Love"
Lagos Province 69,Shechem Zone,Shechem Love Area,"RCCG Overcomers, Shechem Love"
Lagos Province 69,Ramah Zone,Ramah Faith Area,"RCCG Grace Assembly, Ramah Faith"
Lagos Province 69,Ramah Zone,Ramah Faith Area,"RCCG Mercy Seat, Ramah Faith"
Lagos Province 69,Ramah Zone,Ramah Hope Area,"RCCG Victory House, Ramah Hope"
Lagos Province 69,Ramah Zone,Ramah Hope Area,"RCCG Glory Tabernacle, Ramah Hope"
Lagos Province 69,Ramah Zone,Ramah Love Area,"RCCG Living Spring, Ramah Love"
Lagos Province 69,Ramah Zone,Ramah Love Area,"RCCG Royal Diadem, Ramah Love"
Lagos Province 69,Bethesda Zone,Bethesda Faith Area,"RCCG Covenant Chapel, Bethesda Faith"
Lagos Province 69,Bethesda Zone,Bethesda Faith Area,"RCCG Jubilee Centre, Bethesda Faith"
Lagos Province 69,Bethesda Zone,Bethesda Hope Area,"RCCG Fountain of Life, Bethesda Hope"
Lagos Province 69,Bethesda Zone,Bethesda Hope Area,"RCCG Throne of Grace, Bethesda Hope"
Lagos Province 69,Bethesda Zone,Bethesda Love Area,"RCCG New Dawn, Bethesda Love"
Lagos Province 69,Bethesda Zone,Bethesda Love Area,"RCCG Overcomers, Bethesda Love"
Lagos Province 69,Siloam Zone,Siloam Faith Area,"RCCG Grace Assembly, Siloam Faith"
Lagos Province 69,Siloam Zone,Siloam Faith Area,"RCCG Mercy Seat, Siloam Faith"
Lagos Province 69,Siloam Zone,Siloam Hope Area,"RCCG Victory House, Siloam Hope"
Lagos Province 69,Siloam Zone,Siloam Hope Area,"RCCG Glory Tabernacle, Siloam Hope"
Lagos Province 69,Siloam Zone,Siloam Love Area,"RCCG Living Spring, Siloam Love"
Lagos Province 69,Siloam Zone,Siloam Love Area,"RCCG Royal Diadem, Siloam Love"
Lagos Province 69,Emmaus Zone,Emmaus Faith Area,"RCCG Covenant Chapel, Emmaus Faith"
Lagos Province 69,Emmaus Zone,Emmaus Faith Area,"RCCG Jubilee Centre, Emmaus Faith"
Lagos Province 69,Emmaus Zone,Emmaus Hope Area,"RCCG Fountain of Life, Emmaus Hope"
Lagos Province 69,Emmaus Zone,Emmaus Hope Area,"RCCG Throne of Grace, Emmaus Hope"
Lagos Province 69,Emmaus Zone,Emmaus Love Area,"RCCG New Dawn, Emmaus Love"
Lagos Province 69,Emmaus Zone,Emmaus Love Area,"RCCG Overcomers, Emmaus Love"
Lagos Province 69,Antioch Zone,Antioch Faith Area,"RCCG Grace Assembly, Antioch Faith"
Lagos Province 69,Antioch Zone,Antioch Faith Area,"RCCG Mercy Seat, Antioch Faith"
Lagos Province 69,Antioch Zone,Antioch Hope Area,"RCCG Victory House, Antioch Hope"
Lagos Province 69,Antioch Zone,Antioch Hope Area,"RCCG Glory Tabernacle, Antioch Hope"
Lagos Province 69,Antioch Zone,Antioch Love Area,"RCCG Living Spring, Antioch Love"
Lagos Province 69,Antioch Zone,Antioch Love Area,"RCCG Royal Diadem, Antioch Love"
Lagos Province 69,Ephesus Zone,Ephesus Faith Area,"RCCG Covenant Chapel, Ephesus Faith"
Lagos Province 69,Ephesus Zone,Ephesus Faith Area,"RCCG Jubilee Centre, Ephesus Faith"
Lagos Province 69,Ephesus Zone,Ephesus Hope Area,"RCCG Fountain of Life, Ephesus Hope"
Lagos Province 69,Ephesus Zone,Ephesus Hope Area,"RCCG Throne of Grace, Ephesus Hope"
Lagos Province 69,Ephesus Zone,Ephesus Love Area,"RCCG New Dawn, Ephesus Love"
Lagos Province 69,Ephesus Zone,Ephesus Love Area,"RCCG Overcomers, Ephesus Love"
Lagos Province 69,Philippi Zone,Philippi Faith Area,"RCCG Grace Assembly, Philippi Faith"
Lagos Province 69,Philippi Zone,Philippi Faith Area,"RCCG Mercy Seat, Philippi Faith"
Lagos Province 69,Philippi Zone,Philippi Hope Area,"RCCG Victory House, Philippi Hope"
Lagos Province 69,Philippi Zone,Philippi Hope Area,"RCCG Glory Tabernacle, Philippi Hope"
Lagos Province 69,Philippi Zone,Philippi Love Area,"RCCG Living Spring, Philippi Love"
Lagos Province 69,Philippi Zone,Philippi Love Area,"RCCG Royal Diadem, Philippi Love"
Lagos Province 69,Berea Zone,Berea Faith Area,"RCCG Covenant Chapel, Berea Faith"
Lagos Province 69,Berea Zone,Berea Faith Area,"RCCG Jubilee Centre, Berea Faith"
Lagos Province 69,Berea Zone,Berea Hope Area,"RCCG Fountain of Life, Berea Hope"
Lagos Province 69,Berea Zone,Berea Hope Area,"RCCG Throne of Grace, Berea Hope"
Lagos Province 69,Berea Zone,Berea Love Area,"RCCG New Dawn, Berea Love"
Lagos Province 69,Berea Zone,Berea Love Area,"RCCG Overcomers, Berea Love"
Lagos Province 69,Smyrna Zone,Smyrna Faith Area,"RCCG Grace Assembly, Smyrna Faith"
Lagos Province 69,Smyrna Zone,Smyrna Faith Area,"RCCG Mercy Seat, Smyrna Faith"
Lagos Province 69,Smyrna Zone,Smyrna Hope Area,"RCCG Victory House, Smyrna Hope"
Lagos Province 69,Smyrna Zone,Smyrna Hope Area,"RCCG Glory Tabernacle, Smyrna Hope"
Lagos Province 69,Smyrna Zone,Smyrna Love Area,"RCCG Living Spring, Smyrna Love"
Lagos Province 69,Smyrna Zone,Smyrna Love Area,"RCCG Royal Diadem, Smyrna Love"
Lagos Province 84,Philadelphia Zone,Philadelphia Faith Area,"RCCG Covenant Chapel, Philadelphia Faith"
Lagos Province 84,Philadelphia Zone,Philadelphia Faith Area,"RCCG Jubilee Centre, Philadelphia Faith"
Lagos Province 84,Philadelphia Zone,Philadelphia Hope Area,"RCCG Fountain of Life, Philadelphia Hope"
Lagos Province 84,Philadelphia Zone,Philadelphia Hope Area,"RCCG Throne of Grace, Philadelphia Hope"
Lagos Province 84,Philadelphia Zone,Philadelphia Love Area,"RCCG New Dawn, Philadelphia Love"
Lagos Province 84,Philadelphia Zone,Philadelphia Love Area,"RCCG Overcomers, Philadelphia Love"
Lagos Province 84,Corinth Zone,Corinth Faith Area,"RCCG Grace Assembly, Corinth Faith"
Lagos Province 84,Corinth Zone,Corinth Faith Area,"RCCG Mercy Seat, Corinth Faith"
Lagos Province 84,Corinth Zone,Corinth Hope Area,"RCCG Victory House, Corinth Hope"
Lagos Province 84,Corinth Zone,Corinth Hope Area,"RCCG Glory Tabernacle, Corinth Hope"
Lagos Province 84,Corinth Zone,Corinth Love Area,"RCCG Living Spring, Corinth Love"
Lagos Province 84,Corinth Zone,Corinth Love Area,"RCCG Royal Diadem, Corinth Love"
Lagos Province 84,Thessalonica Zone,Thessalonica Faith Area,"RCCG Covenant Chapel, Thessalonica Faith"
Lagos Province 84,Thessalonica Zone,Thessalonica Faith Area,"RCCG Jubilee Centre, Thessalonica Faith"
Lagos Province 84,Thessalonica Zone,Thessalonica Hope Area,"RCCG Fountain of Life, Thessalonica Hope"
Lagos Province 84,Thessalonica Zone,Thessalonica Hope Area,"RCCG Throne of Grace, Thessalonica Hope"
Lagos Province 84,Thessalonica Zone,Thessalonica Love Area,"RCCG New Dawn, Thessalonica Love"
Lagos Province 84,Thessalonica Zone,Thessalonica Love Area,"RCCG Overcomers, Thessalonica Love"
Lagos Province 84,Colossae Zone,Colossae Faith Area,"RCCG Grace Assembly, Colossae Faith"
Lagos Province 84,Colossae Zone,Colossae Faith Area,"RCCG Mercy Seat, Colossae Faith"
Lagos Province 84,Colossae Zone,Colossae Hope Area,"RCCG Victory House, Colossae Hope"
Lagos Province 84,Colossae Zone,Colossae Hope Area,"RCCG Glory Tabernacle, Colossae Hope"
Lagos Province 84,Colossae Zone,Colossae Love Area,"RCCG Living Spring, Colossae Love"
Lagos Province 84,Colossae Zone,Colossae Love Area,"RCCG Royal Diadem, Colossae Love"
Lagos Province 84,Galatia Zone,Galatia Faith Area,"RCCG Covenant Chapel, Galatia Faith"
Lagos Province 84,Galatia Zone,Galatia Faith Area,"RCCG Jubilee Centre, Galatia Faith"
Lagos Province 84,Galatia Zone,Galatia Hope Area,"RCCG Fountain of Life, Galatia Hope"
Lagos Province 84,Galatia Zone,Galatia Hope Area,"RCCG Throne of Grace, Galatia Hope"
Lagos Province 84,Galatia Zone,Galatia Love Area,"RCCG New Dawn, Galatia Love"
Lagos Province 84,Galatia Zone,Galatia Love Area,"RCCG Overcomers, Galatia Love"
Lagos Province 84,Damascus Zone,Damascus Faith Area,"RCCG Grace Assembly, Damascus Faith"
Lagos Province 84,Damascus Zone,Damascus Faith Area,"RCCG Mercy Seat, Damascus Faith"
Lagos Province 84,Damascus Zone,Damascus Hope Area,"RCCG Victory House, Damascus Hope"
Lagos Province 84,Damascus Zone,Damascus Hope Area,"RCCG Glory Tabernacle, Damascus Hope"
Lagos Province 84,Damascus Zone,Damascus Love Area,"RCCG Living Spring, Damascus Love"
Lagos Province 84,Damascus Zone,Damascus Love Area,"RCCG Royal Diadem, Damascus Love"
Lagos Province 84,Tarsus Zone,Tarsus Faith Area,"RCCG Covenant Chapel, Tarsus Faith"
Lagos Province 84,Tarsus Zone,Tarsus Faith Area,"RCCG Jubilee Centre, Tarsus Faith"
Lagos Province 84,Tarsus Zone,Tarsus Hope Area,"RCCG Fountain of Life, Tarsus Hope"
Lagos Province 84,Tarsus Zone,Tarsus Hope Area,"RCCG Throne of Grace, Tarsus Hope"
Lagos Province 84,Tarsus Zone,Tarsus Love Area,"RCCG New Dawn, Tarsus Love"
Lagos Province 84,Tarsus Zone,Tarsus Love Area,"RCCG Overcomers, Tarsus Love"
Lagos Province 84,Joppa Zone,Joppa Faith Area,"RCCG Grace Assembly, Joppa Faith"
Lagos Province 84,Joppa Zone,Joppa Faith Area,"RCCG Mercy Seat, Joppa Faith"
Lagos Province 84,Joppa Zone,Joppa Hope Area,"RCCG Victory House, Joppa Hope"
Lagos Province 84,Joppa Zone,Joppa Hope Area,"RCCG Glory Tabernacle, Joppa Hope"
Lagos Province 84,Joppa Zone,Joppa Love Area,"RCCG Living Spring, Joppa Love"
Lagos Province 84,Joppa Zone,Joppa Love Area,"RCCG Royal Diadem, Joppa Love"
Lagos Province 84,Caesarea Zone,Caesarea Faith Area,"RCCG Covenant Chapel, Caesarea Faith"
Lagos Province 84,Caesarea Zone,Caesarea Faith Area,"RCCG Jubilee Centre, Caesarea Faith"
Lagos Province 84,Caesarea Zone,Caesarea Hope Area,"RCCG Fountain of Life, Caesarea Hope"
Lagos Province 84,Caesarea Zone,Caesarea Hope Area,"RCCG Throne of Grace, Caesarea Hope"
Lagos Province 84,Caesarea Zone,Caesarea Love Area,"RCCG New Dawn, Caesarea Love"
Lagos Province 84,Caesarea Zone,Caesarea Love Area,"RCCG Overcomers, Caesarea Love"
Lagos Province 84,Cana Zone,Cana Faith Area,"RCCG Grace Assembly, Cana Faith"
Lagos Province 84,Cana Zone,Cana Faith Area,"RCCG Mercy Seat, Cana Faith"
Lagos Province 84,Cana Zone,Cana Hope Area,"RCCG Victory House, Cana Hope"
Lagos Province 84,Cana Zone,Cana Hope Area,"RCCG Glory Tabernacle, Cana Hope"
Lagos Province 84,Cana Zone,Cana Love Area,"RCCG Living Spring, Cana Love"
Lagos Province 84,Cana Zone,Cana Love Area,"RCCG Royal Diadem, Cana Love"
Lagos Province 84,Bethsaida Zone,Bethsaida Faith Area,"RCCG Covenant Chapel, Bethsaida Faith"
Lagos Province 84,Bethsaida Zone,Bethsaida Faith Area,"RCCG Jubilee Centre, Bethsaida Faith"
Lagos Province 84,Bethsaida Zone,Bethsaida Hope Area,"RCCG Fountain of Life, Bethsaida Hope"
Lagos Province 84,Bethsaida Zone,Bethsaida Hope Area,"RCCG Throne of Grace, Bethsaida Hope"
Lagos Province 84,Bethsaida Zone,Bethsaida Love Area,"RCCG New Dawn, Bethsaida Love"
Lagos Province 84,Bethsaida Zone,Bethsaida Love Area,"RCCG Overcomers, Bethsaida Love"
Lagos Province 86,Gennesaret Zone,Gennesaret Faith Area,"RCCG Grace Assembly, Gennesaret Faith"
Lagos Province 86,Gennesaret Zone,Gennesaret Faith Area,"RCCG Mercy Seat, Gennesaret Faith"
Lagos Province 86,Gennesaret Zone,Gennesaret Hope Area,"RCCG Victory House, Gennesaret Hope"
Lagos Province 86,Gennesaret Zone,Gennesaret Hope Area,"RCCG Glory Tabernacle, Gennesaret Hope"
Lagos Province 86,Gennesaret Zone,Gennesaret Love Area,"RCCG Living Spring, Gennesaret Love"
Lagos Province 86,Gennesaret Zone,Gennesaret Love Area,"RCCG Royal Diadem, Gennesaret Love"
Lagos Province 86,Jezreel Zone,Jezreel Faith Area,"RCCG Covenant Chapel, Jezreel Faith"
Lagos Province 86,Jezreel Zone,Jezreel Faith Area,"RCCG Jubilee Centre, Jezreel Faith"
Lagos Province 86,Jezreel Zone,Jezreel Hope Area,"RCCG Fountain of Life, Jezreel Hope"
Lagos Province 86,Jezreel Zone,Jezreel Hope Area,"RCCG Throne of Grace, Jezreel Hope"
Lagos Province 86,Jezreel Zone,Jezreel Love Area,"RCCG New Dawn, Jezreel Love"
Lagos Province 86,Jezreel Zone,Jezreel Love Area,"RCCG Overcomers, Jezreel Love"
Lagos Province 86,Rehoboth Zone,Rehoboth Faith Area,"RCCG Grace Assembly, Rehoboth Faith"
Lagos Province 86,Rehoboth Zone,Rehoboth Faith Area,"RCCG Mercy Seat, Rehoboth Faith"
Lagos Province 86,Rehoboth Zone,Rehoboth Hope Area,"RCCG Victory House, Rehoboth Hope"
Lagos Province 86,Rehoboth Zone,Rehoboth Hope Area,"RCCG Glory Tabernacle, Rehoboth Hope"
Lagos Province 86,Rehoboth Zone,Rehoboth Love Area,"RCCG Living Spring, Rehoboth Love"
Lagos Province 86,Rehoboth Zone,Rehoboth Love Area,"RCCG Royal Diadem, Rehoboth Love"
Lagos Province 86,Peniel Zone,Peniel Faith Area,"RCCG Covenant Chapel, Peniel Faith"
Lagos Province 86,Peniel Zone,Peniel Faith Area,"RCCG Jubilee Centre, Peniel Faith"
Lagos Province 86,Peniel Zone,Peniel Hope Area,"RCCG Fountain of Life, Peniel Hope"
Lagos Province 86,Peniel Zone,Peniel Hope Area,"RCCG Throne of Grace, Peniel Hope"
Lagos Province 86,Peniel Zone,Peniel Love Area,"RCCG New Dawn, Peniel Love"
Lagos Province 86,Peniel Zone,Peniel Love Area,"RCCG Overcomers, Peniel Love"
Lagos Province 86,Mahanaim Zone,Mahanaim Faith Area,"RCCG Grace Assembly, Mahanaim Faith"
Lagos Province 86,Mahanaim Zone,Mahanaim Faith Area,"RCCG Mercy Seat, Mahanaim Faith"
Lagos Province 86,Mahanaim Zone,Mahanaim Hope Area,"RCCG Victory House, Mahanaim Hope"
Lagos Province 86,Mahanaim Zone,Mahanaim Hope Area,"RCCG Glory Tabernacle, Mahanaim Hope"
Lagos Province 86,Mahanaim Zone,Mahanaim Love Area,"RCCG Living Spring, Mahanaim Love"
Lagos Province 86,Mahanaim Zone,Mahanaim Love Area,"RCCG Royal Diadem, Mahanaim Love"
Lagos Province 86,Ebenezer Zone,Ebenezer Faith Area,"RCCG Covenant Chapel, Ebenezer Faith"
Lagos Province 86,Ebenezer Zone,Ebenezer Faith Area,"RCCG Jubilee Centre, Ebenezer Faith"
Lagos Province 86,Ebenezer Zone,Ebenezer Hope Area,"RCCG Fountain of Life, Ebenezer Hope"
Lagos Province 86,Ebenezer Zone,Ebenezer Hope Area,"RCCG Throne of Grace, Ebenezer Hope"
Lagos Province 86,Ebenezer Zone,Ebenezer Love Area,"RCCG New Dawn, Ebenezer Love"
Lagos Province 86,Ebenezer Zone,Ebenezer Love Area,"RCCG Overcomers, Ebenezer Love"
Lagos Province 86,Elim Zone,Elim Faith Area,"RCCG Grace Assembly, Elim Faith"
Lagos Province 86,Elim Zone,Elim Faith Area,"RCCG Mercy Seat, Elim Faith"
Lagos Province 86,Elim Zone,Elim Hope Area,"RCCG Victory House, Elim Hope"
Lagos Province 86,Elim Zone,Elim Hope Area,"RCCG Glory Tabernacle, Elim Hope"
Lagos Province 86,Elim Zone,Elim Love Area,"RCCG Living Spring, Elim Love"
Lagos Province 86,Elim Zone,Elim Love Area,"RCCG Royal Diadem, Elim Love"
Lagos Province 86,Marah Zone,Marah Faith Area,"RCCG Covenant Chapel, Marah Faith"
Lagos Province 86,Marah Zone,Marah Faith Area,"RCCG Jubilee Centre, Marah Faith"
Lagos Province 86,Marah Zone,Marah Hope Area,"RCCG Fountain of Life, Marah Hope"
Lagos Province 86,Marah Zone,Marah Hope Area,"RCCG Throne of Grace, Marah Hope"
Lagos Province 86,Marah Zone,Marah Love Area,"RCCG New Dawn, Marah Love"
Lagos Province 86,Marah Zone,Marah Love Area,"RCCG Overcomers, Marah Love"
Lagos Province 86,Kadesh Zone,Kadesh Faith Area,"RCCG Grace Assembly, Kadesh Faith"
Lagos Province 86,Kadesh Zone,Kadesh Faith Area,"RCCG Mercy Seat, Kadesh Faith"
Lagos Province 86,Kadesh Zone,Kadesh Hope Area,"RCCG Victory House, Kadesh Hope"
Lagos Province 86,Kadesh Zone,Kadesh Hope Area,"RCCG Glory Tabernacle, Kadesh Hope"
Lagos Province 86,Kadesh Zone,Kadesh Love Area,"RCCG Living Spring, Kadesh Love"
Lagos Province 86,Kadesh Zone,Kadesh Love Area,"RCCG Royal Diadem, Kadesh Love"
Lagos Province 86,Pisgah Zone,Pisgah Faith Area,"RCCG Covenant Chapel, Pisgah Faith"
Lagos Province 86,Pisgah Zone,Pisgah Faith Area,"RCCG Jubilee Centre, Pisgah Faith"
Lagos Province 86,Pisgah Zone,Pisgah Hope Area,"RCCG Fountain of Life, Pisgah Hope"
Lagos Province 86,Pisgah Zone,Pisgah Hope Area,"RCCG Throne of Grace, Pisgah Hope"
Lagos Province 86,Pisgah Zone,Pisgah Love Area,"RCCG New Dawn, Pisgah Love"
Lagos Province 86,Pisgah Zone,Pisgah Love Area,"RCCG Overcomers, Pisgah Love"
Lagos Province 86,Nebo Zone,Nebo Faith Area,"RCCG Grace Assembly, Nebo Faith"
Lagos Province 86,Nebo Zone,Nebo Faith Area,"RCCG Mercy Seat, Nebo Faith"
Lagos Province 86,Nebo Zone,Nebo Hope Area,"RCCG Victory House, Nebo Hope"
Lagos Province 86,Nebo Zone,Nebo Hope Area,"RCCG Glory Tabernacle, Nebo Hope"
Lagos Province 86,Nebo Zone,Nebo Love Area,"RCCG Living Spring, Nebo Love"
Lagos Province 86,Nebo Zone,Nebo Love Area,"RCCG Royal Diadem, Nebo Love"
Lagos Province 86,Moriah Zone,Moriah Faith Area,"RCCG Covenant Chapel, Moriah Faith"
Lagos Province 86,Moriah Zone,Moriah Faith Area,"RCCG Jubilee Centre, Moriah Faith"
Lagos Province 86,Moriah Zone,Moriah Hope Area,"RCCG Fountain of Life, Moriah Hope"
Lagos Province 86,Moriah Zone,Moriah Hope Area,"RCCG Throne of Grace, Moriah Hope"
Lagos Province 86,Moriah Zone,Moriah Love Area,"RCCG New Dawn, Moriah Love"
Lagos Province 86,Moriah Zone,Moriah Love Area,"RCCG Overcomers, Moriah Love"
Lagos Province 104,Gibeon Zone,Gibeon Faith Area,"RCCG Grace Assembly, Gibeon Faith"
Lagos Province 104,Gibeon Zone,Gibeon Faith Area,"RCCG Mercy Seat, Gibeon Faith"
Lagos Province 104,Gibeon Zone,Gibeon Hope Area,"RCCG Victory House, Gibeon Hope"
Lagos Province 104,Gibeon Zone,Gibeon Hope Area,"RCCG Glory Tabernacle, Gibeon Hope"
Lagos Province 104,Gibeon Zone,Gibeon Love Area,"RCCG Living Spring, Gibeon Love"
Lagos Province 104,Gibeon Zone,Gibeon Love Area,"RCCG Royal Diadem, Gibeon Love"
Lagos Province 104,Gibeah Zone,Gibeah Faith Area,"RCCG Covenant Chapel, Gibeah Faith"
Lagos Province 104,Gibeah Zone,Gibeah Faith Area,"RCCG Jubilee Centre, Gibeah Faith"
Lagos Province 104,Gibeah Zone,Gibeah Hope Area,"RCCG Fountain of Life, Gibeah Hope"
Lagos Province 104,Gibeah Zone,Gibeah Hope Area,"RCCG Throne of Grace, Gibeah Hope"
Lagos Province 104,Gibeah Zone,Gibeah Love Area,"RCCG New Dawn, Gibeah Love"
Lagos Province 104,Gibeah Zone,Gibeah Love Area,"RCCG Overcomers, Gibeah Love"
Lagos Province 104,Kidron Zone,Kidron Faith Area,"RCCG Grace Assembly, Kidron Faith"
Lagos Province 104,Kidron Zone,Kidron Faith Area,"RCCG Mercy Seat, Kidron Faith"
Lagos Province 104,Kidron Zone,Kidron Hope Area,"RCCG Victory House, Kidron Hope"
Lagos Province 104,Kidron Zone,Kidron Hope Area,"RCCG Glory Tabernacle, Kidron Hope"
Lagos Province 104,Kidron Zone,Kidron Love Area,"RCCG Living Spring, Kidron Love"
Lagos Province 104,Kidron Zone,Kidron Love Area,"RCCG Royal Diadem, Kidron Love"
Lagos Province 104,Tekoa Zone,Tekoa Faith Area,"RCCG Covenant Chapel, Tekoa Faith"
Lagos Province 104,Tekoa Zone,Tekoa Faith Area,"RCCG Jubilee Centre, Tekoa Faith"
Lagos Province 104,Tekoa Zone,Tekoa Hope Area,"RCCG Fountain of Life, Tekoa Hope"
Lagos Province 104,Tekoa Zone,Tekoa Hope Area,"RCCG Throne of Grace, Tekoa Hope"
Lagos Province 104,Tekoa Zone,Tekoa Love Area,"RCCG New Dawn, Tekoa Love"
Lagos Province 104,Tekoa Zone,Tekoa Love Area,"RCCG Overcomers, Tekoa Love"
Lagos Province 104,Zarephath Zone,Zarephath Faith Area,"RCCG Grace Assembly, Zarephath Faith"
Lagos Province 104,Zarephath Zone,Zarephath Faith Area,"RCCG Mercy Seat, Zarephath Faith"
Lagos Province 104,Zarephath Zone,Zarephath Hope Area,"RCCG Victory House, Zarephath Hope"
Lagos Province 104,Zarephath Zone,Zarephath Hope Area,"RCCG Glory Tabernacle, Zarephath Hope"
Lagos Province 104,Zarephath Zone,Zarephath Love Area,"RCCG Living Spring, Zarephath Love"
Lagos Province 104,Zarephath Zone,Zarephath Love Area,"RCCG Royal Diadem, Zarephath Love"
Lagos Province 104,Lebanon Zone,Lebanon Faith Area,"RCCG Covenant Chapel, Lebanon Faith"
Lagos Province 104,Lebanon Zone,Lebanon Faith Area,"RCCG Jubilee Centre, Lebanon Faith"
Lagos Province 104,Lebanon Zone,Lebanon Hope Area,"RCCG Fountain of Life, Lebanon Hope"
Lagos Province 104,Lebanon Zone,Lebanon Hope Area,"RCCG Throne of Grace, Lebanon Hope"
Lagos Province 104,Lebanon Zone,Lebanon Love Area,"RCCG New Dawn, Lebanon Love"
Lagos Province 104,Lebanon Zone,Lebanon Love Area,"RCCG Overcomers, Lebanon Love"
Lagos Province 104,Gilead Zone,Gilead Faith Area,"RCCG Grace Assembly, Gilead Faith"
Lagos Province 104,Gilead Zone,Gilead Faith Area,"RCCG Mercy Seat, Gilead Faith"
Lagos Province 104,Gilead Zone,Gilead Hope Area,"RCCG Victory House, Gilead Hope"
Lagos Province 104,Gilead Zone,Gilead Hope Area,"RCCG Glory Tabernacle, Gilead Hope"
Lagos Province 104,Gilead Zone,Gilead Love Area,"RCCG Living Spring, Gilead Love"
Lagos Province 104,Gilead Zone,Gilead Love Area,"RCCG Royal Diadem, Gilead Love"
Lagos Province 104,Bashan Zone,Bashan Faith Area,"RCCG Covenant Chapel, Bashan Faith"
Lagos Province 104,Bashan Zone,Bashan Faith Area,"RCCG Jubilee Centre, Bashan Faith"
Lagos Province 104,Bashan Zone,Bashan Hope Area,"RCCG Fountain of Life, Bashan Hope"
Lagos Province 104,Bashan Zone,Bashan Hope Area,"RCCG Throne of Grace, Bashan Hope"
Lagos Province 104,Bashan Zone,Bashan Love Area,"RCCG New Dawn, Bashan Love"
Lagos Province 104,Bashan Zone,Bashan Love Area,"RCCG Overcomers, Bashan Love"
Lagos Province 104,Ophir Zone,Ophir Faith Area,"RCCG Grace Assembly, Ophir Faith"
Lagos Province 104,Ophir Zone,Ophir Faith Area,"RCCG Mercy Seat, Ophir Faith"
Lagos Province 104,Ophir Zone,Ophir Hope Area,"RCCG Victory House, Ophir Hope"
Lagos Province 104,Ophir Zone,Ophir Hope Area,"RCCG Glory Tabernacle, Ophir Hope"
Lagos Province 104,Ophir Zone,Ophir Love Area,"RCCG Living Spring, Ophir Love"
Lagos Province 104,Ophir Zone,Ophir Love Area,"RCCG Royal Diadem, Ophir Love"
Lagos Province 104,Tirzah Zone,Tirzah Faith Area,"RCCG Covenant Chapel, Tirzah Faith"
Lagos Province 104,Tirzah Zone,Tirzah Faith Area,"RCCG Jubilee Centre, Tirzah Faith"
Lagos Province 104,Tirzah Zone,Tirzah Hope Area,"RCCG Fountain of Life, Tirzah Hope"
Lagos Province 104,Tirzah Zone,Tirzah Hope Area,"RCCG Throne of Grace, Tirzah Hope"
Lagos Province 104,Tirzah Zone,Tirzah Love Area,"RCCG New Dawn, Tirzah Love"
Lagos Province 104,Tirzah Zone,Tirzah Love Area,"RCCG Overcomers, Tirzah Love"
Regional Headquarter,Dothan Zone,Dothan Faith Area,"RCCG Grace Assembly, Dothan Faith"
Regional Headquarter,Dothan Zone,Dothan Faith Area,"RCCG Mercy Seat, Dothan Faith"
Regional Headquarter,Dothan Zone,Dothan Hope Area,"RCCG Victory House, Dothan Hope"
Regional Headquarter,Dothan Zone,Dothan Hope Area,"RCCG Glory Tabernacle, Dothan Hope"
Regional Headquarter,Dothan Zone,Dothan Love Area,"RCCG Living Spring, Dothan Love"
Regional Headquarter,Dothan Zone,Dothan Love Area,"RCCG Royal Diadem, Dothan Love"
Regional Headquarter,Shunem Zone,Shunem Faith Area,"RCCG Covenant Chapel, Shunem Faith"
Regional Headquarter,Shunem Zone,Shunem Faith Area,"RCCG Jubilee Centre, Shunem Faith"
Regional Headquarter,Shunem Zone,Shunem Hope Area,"RCCG Fountain of Life, Shunem Hope"
Regional Headquarter,Shunem Zone,Shunem Hope Area,"RCCG Throne of Grace, Shunem Hope"
Regional Headquarter,Shunem Zone,Shunem Love Area,"RCCG New Dawn, Shunem Love"
Regional Headquarter,Shunem Zone,Shunem Love Area,"RCCG Overcomers, Shunem Love"
Regional Headquarter,Endor Zone,Endor Faith Area,"RCCG Grace Assembly, Endor Faith"
Regional Headquarter,Endor Zone,Endor Faith Area,"RCCG Mercy Seat, Endor Faith"
Regional Headquarter,Endor Zone,Endor Hope Area,"RCCG Victory House, Endor Hope"
Regional Headquarter,Endor Zone,Endor Hope Area,"RCCG Glory Tabernacle, Endor Hope"
Regional Headquarter,Endor Zone,Endor Love Area,"RCCG Living Spring, Endor Love"
Regional Headquarter,Endor Zone,Endor Love Area,"RCCG Royal Diadem, Endor Love"
Regional Headquarter,Ziklag Zone,Ziklag Faith Area,"RCCG Covenant Chapel, Ziklag Faith"
Regional Headquarter,Ziklag Zone,Ziklag Faith Area,"RCCG Jubilee Centre, Ziklag Faith"
Regional Headquarter,Ziklag Zone,Ziklag Hope Area,"RCCG Fountain of Life, Ziklag Hope"
Regional Headquarter,Ziklag Zone,Ziklag Hope Area,"RCCG Throne of Grace, Ziklag Hope"
Regional Headquarter,Ziklag Zone,Ziklag Love Area,"RCCG New Dawn, Ziklag Love"
Regional Headquarter,Ziklag Zone,Ziklag Love Area,"RCCG Overcomers, Ziklag Love"
Regional Headquarter,Adullam Zone,Adullam Faith Area,"RCCG Grace Assembly, Adullam Faith"
Regional Headquarter,Adullam Zone,Adullam Faith Area,"RCCG Mercy Seat, Adullam Faith"
Regional Headquarter,Adullam Zone,Adullam Hope Area,"RCCG Victory House, Adullam Hope"
Regional Headquarter,Adullam Zone,Adullam Hope Area,"RCCG Glory Tabernacle, Adullam Hope"
Regional Headquarter,Adullam Zone,Adullam Love Area,"RCCG Living Spring, Adullam Love"
Regional Headquarter,Adullam Zone,Adullam Love Area,"RCCG Royal Diadem, Adullam Love"
Regional Headquarter,Engedi Zone,Engedi Faith Area,"RCCG Covenant Chapel, Engedi Faith"
Regional Headquarter,Engedi Zone,Engedi Faith Area,"RCCG Jubilee Centre, Engedi Faith"
Regional Headquarter,Engedi Zone,Engedi Hope Area,"RCCG Fountain of Life, Engedi Hope"
Regional Headquarter,Engedi Zone,Engedi Hope Area,"RCCG Throne of Grace, Engedi Hope"
Regional Headquarter,Engedi Zone,Engedi Love Area,"RCCG New Dawn, Engedi Love"
Regional Headquarter,Engedi Zone,Engedi Love Area,"RCCG Overcomers, Engedi Love"
Regional Headquarter,Paran Zone,Paran Faith Area,"RCCG Grace Assembly, Paran Faith"
Regional Headquarter,Paran Zone,Paran Faith Area,"RCCG Mercy Seat, Paran Faith"
Regional Headquarter,Paran Zone,Paran Hope Area,"RCCG Victory House, Paran Hope"
Regional Headquarter,Paran Zone,Paran Hope Area,"RCCG Glory Tabernacle, Paran Hope"
Regional Headquarter,Paran Zone,Paran Love Area,"RCCG Living Spring, Paran Love"
Regional Headquarter,Paran Zone,Paran Love Area,"RCCG Royal Diadem, Paran Love"
Regional Headquarter,Midian Zone,Midian Faith Area,"RCCG Covenant Chapel, Midian Faith"
Regional Headquarter,Midian Zone,Midian Faith Area,"RCCG Jubilee Centre, Midian Faith"
Regional Headquarter,Midian Zone,Midian Hope Area,"RCCG Fountain of Life, Midian Hope"
Regional Headquarter,Midian Zone,Midian Hope Area,"RCCG Throne of Grace, Midian Hope"
Regional Headquarter,Midian Zone,Midian Love Area,"RCCG New Dawn, Midian Love"
Regional Headquarter,Midian Zone,Midian Love Area,"RCCG Overcomers, Midian Love"
Regional Headquarter,Sheba Zone,Sheba Faith Area,"RCCG Grace Assembly, Sheba Faith"
Regional Headquarter,Sheba Zone,Sheba Faith Area,"RCCG Mercy Seat, Sheba Faith"
Regional Headquarter,Sheba Zone,Sheba Hope Area,"RCCG Victory House, Sheba Hope"
Regional Headquarter,Sheba Zone,Sheba Hope Area,"RCCG Glory Tabernacle, Sheba Hope"
Regional Headquarter,Sheba Zone,Sheba Love Area,"RCCG Living Spring, Sheba Love"
Regional Headquarter,Sheba Zone,Sheba Love Area,"RCCG Royal Diadem, Sheba Love"
Regional Headquarter,Tyre Zone,Tyre Faith Area,"RCCG Covenant Chapel, Tyre Faith"
Regional Headquarter,Tyre Zone,Tyre Faith Area,"RCCG Jubilee Centre, Tyre Faith"
Regional Headquarter,Tyre Zone,Tyre Hope Area,"RCCG Fountain of Life, Tyre Hope"
Regional Headquarter,Tyre Zone,Tyre Hope Area,"RCCG Throne of Grace, Tyre Hope"
Regional Headquarter,Tyre Zone,Tyre Love Area,"RCCG New Dawn, Tyre Love"
Regional Headquarter,Tyre Zone,Tyre Love Area,"RCCG Overcomers, Tyre Love"
Regional Headquarter,Sidon Zone,Sidon Faith Area,"RCCG Grace Assembly, Sidon Faith"
Regional Headquarter,Sidon Zone,Sidon Faith Area,"RCCG Mercy Seat, Sidon Faith"
Regional Headquarter,Sidon Zone,Sidon Hope Area,"RCCG Victory House, Sidon Hope"
Regional Headquarter,Sidon Zone,Sidon Hope Area,"RCCG Glory Tabernacle, Sidon Hope"
Regional Headquarter,Sidon Zone,Sidon Love Area,"RCCG Living Spring, Sidon Love"
Regional Headquarter,Sidon Zone,Sidon Love Area,"RCCG Royal Diadem, Sidon Love"
